name,1,2
Adam,,
Al,,
Andrew,,
Angelle,,
Angus,,
Anik,,
Ann,,
Anne_L,,
Anne_S,,
Ben,,
Brenda,,
Brian,,
Cara,,
Carla,,
Carlos,,
Caroline,,
Charles,,
Christine,,
Claire,,
Clara,,
Colin,,
Corneliu,,
Craig,,
Denis,,
Dominque,,
Don_M,,
Don_P,,
Doug,,
Elaine,,
Eliza,,
Elizabeth,,
Emily,,
Eric,,
Fiona,,
Gary,,
Geoff,,
Gillian,,
Gina,,
Glenn,,
Gretta,,
Heather,,
James,,
Janet,,
Jean_M,,
Jean-Paul,,
Joachim,,
John_B,,
John_L,,
Katrina,,
Kelly,,
Kimberley,,
Laura,,
Leonore,,
Linda,,
Lois,,
Loredana,,
Luise,,
Malcolm,,
Marc,,
Marie-Louise,,
Mike_C,,
Mike_S,,
Mike_T,,
Milan,,
Nancy,,
Nathalie_D,,
Nathalie_S,,
Nawar,,
Nicole,,
Olena,,
Pat,,
Paul_B,,
Paul_T,,
Paul_V,,
Peter,,
Rob,,
Ruth,,
Sandra,,
Steve,,
Steve_K,,
Sylvie,,
Tom,,
Tracy,,
Wendy,,
Wynet,,
